some,206
still,72
few,71
hope,121
those,59
cautious,4
imitation,1
art,3
solaced,1
poetry,2
arguments,5
premeditated,1
elevate,1
doubts,2
destitute,1
solemnity,5
lieutenant,1
gratification,1
connected,14
likelihood,5
pools,1
coaxed,1
spared,8
intermarriage,1
persist,2
reanimated,1
singling,1
earl,2
involving,2
unavoidably,1
irreligious,1
courted,2
abruptness,2
apprehensions,2
superseded,1
concluding,1
biting,1
tortured,1
insipid,1
ingratitude,1
often,89
parts,5
conversation,61
pleasing,22
highest,9
received,61
worked,4
taking,18
productive,1
withheld,4
hurry,11
quarreled,1
oddly,1
absurd,5
procured,4
reverting,1
laughing,10
positive,3
speedy,2
unavailing,2
slightly,4
include,1
imputing,1
noticing,1
surveying,1
construed,1
detain,2
filled,1
sanguine,2
irretrievable,1
sequel,1
humbled,4
scorn,1
afterwards,32
equal,30
explain,6
cousins,11
cook,1
rosings,49
belonged,3
prepossession,2
arguing,1
watch,2
surrounded,1
haunt,1
growth,1
blamelessness,1
sentences,1
arisen,5
lies,1
travelled,1
impatiently,5
character,64
shut,5
spending,5
opposition,3
servant,17
louisa,5
hating,1
farm,2
intricate,2
admitting,1
tires,1
eligibility,1
abundantly,3
dishes,1
approached,6
prevent,16
duties,2
romantic,1
nearest,5
accusation,1
overthrow,1
diminution,1
papa,5
valley,4
slow,2
flaming,1
settlement,2
levelled,1
incur,1
leave,62
grow,4
expression,22
ready,20
jumping,1
evil,14
utmost,10
port,1
circumstances,28
falls,2
dejection,3
dozen,1
invariable,1
awoke,1
remedy,2
mischievously,1
faculties,1
dispirited,1
philips,1
don,4
wink,2
familiarity,2
day,134
among,25
subject,84
sense,35
render,3
intelligent,4
lips,9
used,20
begun,2
pause,18
netting,1
intend,3
rejected,4
quest,7
pleasantest,1
disbelieving,1
subsided,1
harmony,1
strongest,1
propensities,1
hence,1
sermon,2
outstrip,1
frankly,1
pride,47
introduction,11
surmises,1
engaged,36
raised,6
easiness,3
even,82
performs,1
milliner,2
happen,12
veneration,1
imprudence,9
charms,4
suspended,2
cautioning,2
undertaken,1
diversion,3
briefly,4
triumphing,1
absurdities,2
savours,1
deportment,1
dropped,3
acrimony,1
safest,1
acknowledged,20
did,263
got,25
whether,51
foxhounds,1
carter,4
escaped,5
piquet,1
rashness,1
sofas,1
convenience,3
circle,7
attempted,4
beholding,3
claimed,3
earlier,3
transferred,1
intercourse,6
throughout,3
imply,1
chamberlayne,1
disclosure,1
repined,1
army,3
bewildered,1
space,2
inconceivable,1
vacancy,1
irrevocably,1
us,123
odd,5
two,134
highly,28
mien,1
inducement,5
furnish,4
worthless,2
exertion,9
slept,1
eminent,1
carelessness,2
copied,1
grouped,1
cared,7
abode,8
verily,1
existence,3
invent,1
motion,1
returns,2
inexhaustible,1
duplicity,2
insignificant,1
meat,4
counterpart,1
smilingly,2
local,1
perturbed,1
soldiers,1
scale,1
repugnant,1
nectarines,1
pronouncing,1
speediest,1
affect,4
present,68
apt,1
anyone,24
critical,1
vacant,5
uncle,68
holding,2
october,1
conscientious,1
instance,7
instruction,2
provoked,3
forgave,1
occurrences,4
discouraged,2
plainly,6
perverseness,6
whither,2
wondering,2
management,4
possessing,1
professing,1
remembered,9
disappointments,1
appeased,1
unusual,1
father,135
fancy,19
purpose,18
joined,28
motive,17
imaginable,2
conviction,16
morality,1
nominally,1
childhood,1
parental,1
tend,1
embarrassed,7
distrust,2
hasten,1
rapturously,1
senses,4
strangers,4
flutter,3
livery,2
saloon,2
act,9
meets,2
continually,6
engrossed,5
favourably,2
inconvenience,6
retired,3
assent,1
implied,1
wrote,21
reproof,4
precision,1
negatived,1
reel,2
moments,11
formal,8
unstudied,1
inmates,1
derives,1
occurred,14
blaming,3
loveliness,2
boisterously,1
instructed,1
superlatively,1
discredit,2
weighed,2
extorted,1
disinclined,1
abominate,2
presumed,1
termed,1
congratulatory,1
understanding,21
fond,16
within,34
speaking,33
yourself,50
favour,22
vanity,18
rich,12
surprised,35
persuasion,8
meanness,1
shame,10
mend,5
unconsciously,3
explaining,3
grateful,13
overtures,1
separated,3
obsequiousness,1
wilful,3
earnestness,2
deceiving,2
firmness,1
situated,4
performer,2
billiard,1
stated,2
lieu,2
vice,3
giddiness,1
encamped,1
exposed,2
tastes,1
dove,1
borrowed,1
aspire,1
him,764
account,38
always,118
men,34
sarcastic,1
temper,24
could,523
settled,48
kingdom,4
toward,4
regardless,2
set,31
perfect,17
prettier,2
somehow,2
promise,17
entirely,25
dispositions,1
becoming,3
discovery,7
plain,11
vogue,1
length,32
field,3
buy,4
progress,5
disguise,4
throwing,2
mortification,6
trying,6
unrestrained,1
demand,3
comfortless,1
tidings,3
stubbornness,1
subsequent,1
pratt,2
welfare,5
injurious,2
alighted,1
conjectured,2
losing,1
brightening,1
eastbourne,1
copse,4
infinite,2
office,6
joy,12
greatest,20
wet,2
wretchedness,2
ensued,2
constant,12
resentments,1
appears,3
debt,4
upbraiding,1
sentiment,8
interfering,1
admires,2
involve,2
unfrequently,1
sheets,1
lobby,1
clapham,4
sarah,1
consequent,1
name,32
uncertain,2
elizabeth,632
fact,14
pounds,24
cherish,1
ascertain,2
incredible,3
reading,14
healthy,1
pen,3
deference,6
disgrace,11
trial,2
declares,1
rallied,2
exerted,2
variation,2
venting,1
balm,1
essential,2
daughters,50
continued,51
starting,1
everywhere,2
openness,3
deficiency,2
dying,3
vulgar,2
loudly,2
tenants,2
gracefully,1
ridiculing,1
inherit,1
meditated,2
commanded,2
betray,3
unpardonable,4
rise,2
fervent,1
drinking,1
chin,1
sea,1
enjoyments,1
muslins,1
originate,1
overflows,1
who,279
down,73
acquaintance,52
amends,5
seen,75
reliance,3
eliza,22
commerce,1
aloud,11
beauties,4
intentions,6
rid,5
hinted,1
indulgent,1
inquire,10
creditable,2
showing,4
interpose,1
wilfully,3
thanking,4
luck,4
mischief,3
ruin,5
intentionally,2
turnpike,1
merited,2
abusive,2
pictures,1
discontinuance,1
contradicted,1
gradual,1
special,2
not,1414
estate,20
rooms,8
put,31
boy,3
perfectly,46
low,8
abruptly,2
charmingly,2
anecdote,2
instituted,1
originally,2
causes,5
recommenced,1
curtseyed,1
quartered,3
stream,4
safety,1
impassable,1
mix,1
considered,23
bennet,323
venture,5
certain,55
asking,14
speaks,2
show,7
exclusion,1
intruder,1
avenue,1
novelty,5
entail,8
ponies,3
bore,9
sharing,2
wandered,2
gradually,6
beneficial,1
narrowly,2
involuntarily,2
shoes,1
idleness,2
impropriety,5
luncheon,1
drawings,1
fortitude,1
palliation,1
faces,3
fat,1
will,407
pleasant,21
extremely,15
horse,3
inhabitants,3
praise,22
endeared,1
offense,3
dislikes,1
serious,24
applied,12
thorough,3
shape,2
begged,8
misleads,1
hurrying,3
insists,1
deduced,1
involved,3
unlikely,4
discernible,1
instructions,3
guardians,1
mingled,1
magnitude,1
depravity,1
resigning,1
firmly,1
regretting,2
crammed,1
disheartened,1
graceful,1
spiritless,2
puzzled,1
insulted,1
wife,47
sure,101
particular,28
struck,14
because,56
form,13
eagerly,14
imputed,4
alternative,3
assistant,1
mince,1
previous,3
cheering,2
detained,3
efforts,2
wounded,3
carved,1
colder,1
affronted,2
larder,1
envy,3
unbecoming,1
dishonourable,1
persuasions,1
contrariwise,1
fretfully,2
sensible,31
principal,14
partner,17
lose,11
situation,38
misfortune,9
regimentals,3
uncles,3
month,9
yawned,1
process,1
exclaimed,8
capable,18
legal,1
covered,2
benefited,4
recommendations,1
incivility,3
stirs,1
stepping,1
preserve,4
unfold,1
collecting,2
unpleasantly,1
invectives,1
supplication,1
by,626
must,307
lydia,168
daughter,84
cousin,49
above,21
solidity,2
gravely,4
hand,24
complaisance,5
boast,11
repeating,6
unaffectedly,2
comparative,2
resented,3
sang,1
dearly,3
embracing,2
disagreement,1
induced,2
incessantly,2
duped,1
rendering,1
toilette,2
nephews,2
revenging,1
squeamish,1
eminence,1
untouched,1
ardent,1
horrible,1
duel,1
explicit,2
determined,32
entitled,4
grew,6
answered,34
petticoat,3
drawing,21
improvement,9
letters,16
occurs,1
thereupon,2
inferiority,3
opposite,11
inquiry,10
examination,3
widow,3
tranquillity,5
breathed,1
using,1
altered,7
sincerely,9
stability,1
pleaded,1
contentment,3
directing,2
disclaim,1
positions,1
sleeping,1
shewed,1
heretofore,1
you,1256
addressed,17
new,23
sitting,21
honestly,4
power,42
communicate,3
everything,44
leading,5
success,18
chiefly,10
confined,5
motives,7
weaknesses,1
affability,4
commission,7
insignificance,3
perforce,1
distress,16
belong,3
forcibly,4
daring,2
consists,1
essence,1
green,3
glazing,1
anecdotes,1
recollecting,4
re,3
congenial,1
repress,1
enlarging,1
decamping,1
completed,2
bodies,1
wits,1
hotels,1
prohibited,1
tricks,1
cheat,1
insufficient,10
admitted,9
dances,10
expectations,7
opening,13
neither,37
watson,1
physicians,1
variety,7
couple,8
refreshing,2
heal,1
fallen,3
grievous,3
fortunately,2
virtue,10
languor,1
portion,3
whilst,4
newspaper,1
liberally,2
doubtless,2
widely,4
tradesman,2
philosophy,5
rushed,1
tumult,3
lively,15
smiles,10
wasting,1
exactly,30
shop,6
insist,8
stationed,3
trespass,2
resolve,2
dinners,2
approbation,7
page,2
needlessly,1
inheriting,2
shelves,1
denny,12
occur,4
corps,6
whist,5
popular,1
growing,3
despaired,3
miller,1
adoration,1
newly,1
hackney,3
affliction,1
alleviate,1
rested,1
burning,1
missish,1
charity,1
surrounding,2
own,183
ways,3
pleasure,92
expressed,26
mistaken,21
steady,12
superior,18
stays,1
forgetting,2
supposition,4
wisest,6
parish,9
satisfaction,27
disinterested,3
lovely,3
confidential,1
dishonesty,1
shoe,1
retaining,2
preserved,4
presently,2
crying,2
ostentatious,1
ante,1
minutely,3
conversed,1
guardianship,3
younge,4
bless,3
augment,1
oaks,1
afflicted,1
afflicting,1
shield,1
liberties,1
more,326
whichever,2
quickness,3
likes,9
girl,38
oh,25
candour,3
bennets,10
observed,27
leisure,13
marriage,66
societies,1
repeated,21
headquarters,1
exercise,6
charles,6
indulgence,6
welcome,12
quadrille,4
dictatorial,1
sneer,1
modest,2
forfeit,1
arch,1
obeyed,3
testimony,2
chanced,1
commiseration,1
sources,3
privileged,3
fearless,1
silenced,1
abhorrent,1
man,151
back,41
emphatic,1
afraid,37
sit,15
press,4
disappointed,12
seemed,65
thanks,14
choice,15
collection,4
forgive,10
opportunity,29
delightfully,4
adept,1
exact,3
characters,3
discuss,2
affront,4
wandering,3
eight,9
station,2
endured,4
timed,1
visitors,14
tithes,1
denied,3
passages,2
bewailed,1
gain,2
nods,1
mixing,1
mischance,1
saved,3
attained,1
stating,2
apace,1
lock,1
tent,1
apprehended,1
environs,1
disclose,1
gouldings,2
forwards,1
compromised,1
ineffectual,1
parents,7
fine,32
none,18
there,332
forget,17
fourth,2
st,7
allow,31
totally,8
winter,15
replying,3
repaired,3
laughed,11
agreeing,3
adding,5
tried,16
material,9
hardest,1
guidance,2
attend,5
hot,3
disgracing,2
necessity,11
veracity,2
humanity,2
economy,5
overcame,3
houses,4
fonder,2
extenuating,1
fashions,2
nettled,1
decked,1
agreeable,45
spirit,9
remain,10
required,10
scampering,1
add,12
envied,2
salutation,4
cast,2
laconic,1
clergyman,8
eloquent,2
suggest,2
graces,1
eligible,7
ecstasy,2
suspend,1
sanctioned,2
congratulated,2
genuine,2
admirable,3
murmurs,1
abhorrence,6
inmate,1
accompany,3
healthful,1
doors,8
strenuously,2
practised,1
degradation,1
realised,1
loving,2
imparted,1
bosoms,1
research,1
blemish,1
can,204
news,32
report,17
unaffected,5
handsomer,3
everybody,38
deal,34
eat,5
prone,2
undoubtedly,7
seeming,3
visited,4
stay,37
pursuit,6
lost,29
extent,7
viewing,3
presented,2
mutual,5
summer,19
godson,2
reputation,3
innocent,2
expedient,2
forth,4
alleviated,1
subsisted,2
duration,2
succeeding,4
elevation,1
mouth,1
shorter,1
benefiting,1
overruled,1
lesson,2
diligence,1
irremediable,1
ambition,1
heartfelt,1
park,22
was,1839
girls,45
sake,23
else,43
protested,8
rank,12
tempted,7
excepting,3
mixed,2
face,27
covering,2
remark,3
rejoicing,4
education,11
phaeton,4
subjection,1
disdain,6
dictates,1
bent,3
invariably,2
suspense,6
peculiar,5
unjust,4
offence,2
security,3
statement,2
correspondent,2
consistency,1
chamber,1
miraculous,2
derived,1
governed,2
hatfield,1
cutting,1
secluded,1
nuptials,3
gladly,1
regulars,2
regretted,1
undergone,2
tranquilly,1
their,441
beauty,27
ingenious,2
drew,19
inherited,1
smiled,18
charlotte,85
along,9
exceedingly,25
allowing,7
ordinary,3
obtained,4
guilt,3
rites,1
interval,4
amply,2
superintendence,1
apply,3
vows,1
hotel,1
mature,1
difficulty,8
rude,3
tranquil,2
noon,2
healthfulness,1
grove,3
sheltered,2
struggle,1
unprincipled,1
overset,1
stone,2
ridge,1
vigorously,1
jumped,1
strangely,1
for,1025
coughs,1
stand,10
unknown,8
wide,3
piling,1
borrow,2
overlooked,3
counting,1
becomes,4
uncompanionable,1
shyness,2
indelicacy,2
wounding,2
instability,1
refute,1
communications,1
vague,2
flew,2
lambton,10
carpets,1
aroused,1
criticisms,1
barnet,2
title,1
eloping,1
housemaids,1
how,199
stress,1
falling,3
saw,103
bring,18
rather,55
table,28
jumps,1
contempt,12
inclined,10
bracelets,1
promises,3
amazes,1
driven,5
disappointment,17
interview,3
bestowed,8
envying,1
predominance,1
steadiness,1
woe,1
consolatory,1
terrific,1
prudently,1
disturb,1
mention,30
friend,112
sufficient,4
meant,27
turned,43
amiable,36
liberty,7
reserved,7
energetic,1
passing,11
spoken,16
departed,2
remarks,8
needless,3
expostulation,1
soup,2
failed,3
treasured,1
arrive,2
prompted,1
learned,3
vicious,1
improper,2
monthly,1
desperate,3
teaching,1
weep,1
kiss,1
jewel,1
develop,1
description,7
inoffensive,1
unaware,1
savage,1
inspiring,1
under,33
inattention,2
graciousness,1
songs,1
shrubbery,4
intervals,3
recreation,1
scruple,4
pressingly,1
distribute,1
counterbalance,1
prodigious,1
suffering,2
pretence,1
probabilities,1
prevailing,2
uncontrolled,1
substance,3
dale,1
condolence,1
valid,1
fidgets,1
marrying,23
love,92
establishment,6
difficult,11
spent,22
looked,74
authorized,1
action,2
politeness,17
below,5
chief,15
rector,3
per,3
powerful,3
fret,3
enjoying,4
orderly,1
tongues,1
doubting,2
unfeeling,3
ruining,1
connivance,1
collinses,5
whence,2
lawn,5
pyramids,1
presumption,3
apprehending,1
panting,1
preparation,1
cooks,1
dissuaded,1
soon,216
desire,23
acquaintances,11
stoutly,1
please,14
sufficiently,5
words,30
sentiments,10
receipt,2
awful,2
confusion,11
shaking,2
adorned,3
contemplation,4
commonest,1
succession,1
guide,2
eyeing,1
distressed,13
disapprove,1
sheet,3
numerous,2
doorway,1
practises,2
henceforth,1
unjustly,2
afternoon,3
chatsworth,1
top,1
strikingly,1
busily,3
sixpence,1
body,2
obey,1
burnt,1
revolution,1
possession,9
friends,55
hear,71
upper,2
seven,1
turning,13
courteous,1
safe,7
performers,1
recent,5
shown,6
suit,7
rapidity,4
tongue,3
possesses,1
awake,2
puffed,1
thinks,4
parishioners,1
money,25
insolent,4
dreading,1
inexpressible,1
wedding,14
cents,1
unnecessary,4
shaken,3
inconvenient,4
thwarted,1
decorums,1
landing,1
obstacles,2
enforced,1
mediocrity,1
excuses,2
perceptible,1
frisks,1
spreading,1
unacknowledged,1
four,34
fancied,7
particularly,32
boulanger,1
worth,15
dissatisfied,4
partial,10
animation,4
silliest,1
reader,3
example,5
handsomest,4
unguarded,4
selected,3
dissuade,1
procure,1
suppressed,2
allowable,1
intermediate,1
thoughtless,3
irregularity,1
farmhouse,1
one,270
too,142
hopes,23
kind,61
buying,1
faithful,3
handwriting,1
sunday,9
perpetually,3
asperity,1
constitution,1
properly,8
degenerate,1
embarrassment,10
assiduous,1
imagined,5
needed,3
bidding,3
costing,1
defiance,3
sum,5
checking,2
operated,1
swallowed,1
protection,2
eccentric,1
in,1852
entering,9
nor,70
giving,25
resentfully,2
sick,6
popularity,1
compared,3
mayoralty,1
arising,5
swell,1
dish,5
range,2
apology,7
earnestly,11
reach,8
withdrawn,3
resent,4
officer,8
fix,3
surmise,2
reception,9
gentlewoman,1
persuaded,25
attacks,3
assumed,1
studied,2
parcels,2
remembrance,3
parade,2
airing,1
butcher,1
morris,1
occasion,38
bit,3
accept,17
library,23
standing,13
suited,3
genius,2
determine,13
stretch,2
plague,3
ring,5
writer,3
recollections,8
liveliness,4
proof,7
disservice,1
conclusion,8
christmas,6
mutually,1
accomplishment,3
crossed,5
artful,1
avarice,1
generality,2
affectionately,4
vexatious,2
denying,1
rescue,1
upbraided,1
chagrin,1
ours,2
eloped,1
farthing,1
precluding,1
arrangements,1
legally,1
industriously,1
actually,12
door,34
speak,65
robinson,3
horseback,2
shameful,2
adhering,1
yield,4
eyelashes,1
careful,4
utterly,1
posterity,1
maintain,1
warehouses,2
violently,5
foresaw,1
permitted,1
seat,6
impolitic,1
avoidance,1
darting,1
damp,1
guinea,1
generously,1
tacit,1
dismay,1
christian,2
they,588
teasing,7
attempt,21
reverie,1
insipidity,1
differ,1
loo,2
threw,9
hug,1
approved,3
heiress,1
relieved,8
devoted,3
satisfy,11
unnecessarily,1
disrespect,2
amazement,10
imprudent,11
contains,1
bounds,1
bringing,12
suspicious,1
sized,1
unnatural,2
pains,4
coachman,2
existed,3
affable,1
f,5
infamy,4
insinuating,1
effectually,3
palatable,1
persisting,1
person,51
former,39
display,4
elegance,9
amendment,2
become,9
study,7
according,8
delay,6
principally,5
honoured,9
confess,16
topics,1
grace,1
conscience,5
offensive,2
authorised,2
indecision,1
captivated,1
indelicate,1
vow,1
enraged,1
loveliest,1
told,69
tell,69
with,1046
read,39
comforted,1
punishment,5
human,6
stiffness,2
object,48
younger,30
spring,5
protesting,4
precipitance,2
collins,180
cruelty,4
interruption,10
confirmation,4
scenes,3
fatigue,4
animated,2
hitherto,2
visitor,11
stroll,1
treasure,2
participation,1
prided,1
unhappiness,2
grapes,1
bribe,1
gossiping,1
quarrelling,1
chaise,11
comes,16
merely,32
reflection,10
gentleman,39
admired,12
ductility,1
sing,5
quarrel,5
throat,1
device,1
relief,13
begins,4
bear,25
terms,22
taciturn,1
backwards,1
reaching,3
condole,2
intervene,1
say,158
nervous,4
myself,94
surpassing,1
given,55
smallest,11
group,2
alarm,14
defective,1
unexpected,8
annum,2
guardian,1
illustration,1
entreaty,7
determination,3
direct,7
pang,1
conjunction,1
depending,2
relative,3
faint,1
building,3
foretold,1
exasperate,2
banished,3
cherished,4
trait,1
flirtation,2
plays,1
imitated,1
proceedings,1
frame,1
premeditation,1
assiduously,1
rightful,1
had,1174
angry,17
meryton,57
itself,9
rendered,11
attorney,3
capacity,1
comply,3
fifteen,4
food,1
attending,9
syllables,1
addition,8
scruples,4
promote,4
forfeited,1
cruelly,3
rate,5
venturing,1
gratifying,6
disapprobation,7
controverted,1
masterly,1
officious,3
alas,2
moderation,2
reconciling,1
censured,2
injunctions,1
discontentedness,1
unembarrassed,2
refrained,1
friendless,1
traces,1
overtook,1
benches,1
forbore,1
circulated,1
out,135
respectable,14
united,7
energy,5
saying,34
taste,13
lives,4
takes,6
method,5
resides,1
intrusion,3
godfather,1
equals,1
enemies,1
footing,2
harm,4
inattentive,2
paining,1
pecuniary,2
race,1
mystery,1
seduction,1
blown,1
neighbourhood,29
take,78
woman,60
vexing,1
quite,96
dance,32
twelve,4
gentlemanlike,8
resentment,17
sixth,1
mine,15
enabled,2
excel,2
attack,4
future,15
ornament,1
miserly,1
superintends,1
arose,5
destroyed,2
flowing,1
dependence,7
pigs,1
quantity,1
resounding,1
injuries,1
content,1
hills,3
intimation,1
tackle,1
haunch,1
rant,1
be,1239
views,11
himself,127
same,69
mile,5
doubt,37
ended,4
refinements,1
intrepidity,1
bare,1
opposed,5
comprehend,19
letter,116
spoilt,2
cause,19
ham,1
secondly,3
spleen,1
plate,1
fullest,1
realities,1
elderly,1
shy,2
embraced,2
reporting,1
disposing,1
conjecturing,2
already,27
slighted,3
story,9
instant,6
coach,10
stockings,1
model,2
messages,1
comparison,13
abominably,4
readiness,4
apologising,4
talks,1
universities,1
avowal,3
entreated,2
stuffy,1
treat,5
deceived,13
tries,1
concealing,1
wonders,3
shopping,1
desertion,1
amiss,1
accusations,3
scrupled,2
incomprehensible,2
consulted,2
blow,1
retains,1
solid,1
licence,2
days,30
distinction,5
influence,14
rained,1
height,3
amazing,2
urged,6
happened,24
hauteur,2
keeps,3
minutest,1
lasting,2
disgusting,1
unquestionably,1
irritable,2
dread,4
minds,4
pretend,7
interrupted,9
meanly,3
appeared,31
represent,3
nowhere,1
hint,12
divided,4
assured,28
laying,2
defy,4
monotonous,1
fetched,1
courtship,2
cordiality,4
poverty,2
casual,1
mismanagement,1
setting,2
uselessly,1
discerning,1
unpleasing,1
missent,2
super,1
vex,1
mamma,10
coughing,1
great,142
stupider,1
yours,16
suspicions,4
dined,8
light,18
course,46
warmth,8
compass,1
pool,1
represented,7
relationship,12
assertion,3
proclaim,1
engagements,12
desirous,7
doleful,1
departure,6
perplexity,2
events,5
sigh,2
meadows,1
nearness,1
wantonly,1
influenced,1
nicest,1
sad,4
manager,1
slit,1
calico,1
stoke,1
postponed,1
maternal,2
objection,15
ought,45
than,280
lines,9
these,66
forms,2
persuade,18
six,10
met,39
inquiries,23
sweetest,3
kitchen,1
omit,1
hers,8
reconciled,2
deservedly,1
gate,6
comfortably,2
proficient,1
concise,1
avoided,1
implicitness,1
fervently,1
unavoidable,1
licentiousness,1
dispense,1
detail,1
left,65
towards,67
ease,17
impatient,8
wives,1
created,5
solicitude,8
inches,1
thanked,7
uncomfortable,7
amusing,4
fame,1
mistress,9
bequest,1
chances,1
liable,2
willingly,3
wants,11
prospects,4
avail,1
cleanse,1
reluctant,2
struggles,3
passion,2
concealment,2
inquiring,5
expeditiously,2
alternate,1
your,434
hypocritical,2
instead,21
longbourn,88
both,70
civil,18
reached,18
silent,26
impulse,3
expressions,12
mouths,2
fast,8
volume,2
tenderly,2
kept,17
irritated,1
shillings,1
profess,1
points,4
accusing,1
quarrelsome,1
designs,4
lodges,2
hither,3
repressed,2
struggling,1
provocations,1
purchases,2
communicativeness,1
spanish,1
seclusion,1
nerves,4
hoped,20
eye,15
thereby,2
purchase,6
head,32
cheerfulness,6
suspected,9
hair,3
genteel,3
occasions,8
lay,6
circles,1
triumphantly,2
ungenerous,3
soothe,1
hackneyed,1
warned,1
anticipate,1
cows,1
forwarding,1
deepest,2
undertaking,1
pulvis,1
residing,1
hermitage,1
strictly,1
answer,65
glad,37
years,35
should,248
unable,14
fortnight,23
remained,23
partners,3
greatly,14
lucky,6
suffered,8
result,5
inconsistencies,2
assented,2
prosperity,3
likeness,3
paper,5
concerns,8
behaves,2
journeys,1
rencontre,1
swelling,1
formation,1
revered,1
mess,1
delicious,1
alarms,1
misunderstood,4
wretched,10
capers,1
resign,1
earth,1
sending,1
may,188
extraordinary,16
sight,17
whenever,22
conjecture,7
ride,3
provoke,5
resentful,2
suggested,5
breach,3
summons,3
condescension,7
female,8
borne,5
ensure,2
gathering,1
injunction,1
keeping,4
courage,12
thursday,4
enumeration,1
livings,1
unfolding,1
pretended,2
suppress,2
detestable,1
later,3
heads,1
repel,1
calls,1
decency,2
parent,1
waste,1
cheap,1
invitation,34
visit,51
throw,8
happily,5
liked,27
hide,2
commendable,1
touched,4
flattering,4
notions,3
arrested,2
unwearying,1
decide,4
excused,2
uproar,1
fun,8
peevish,2
lament,3
waived,1
unnaturally,1
fields,1
beneath,5
clouded,1
chaperon,1
uniformity,1
canvas,1
recognizing,1
sighed,1
anguish,2
belonging,1
distracted,2
protest,1
luckiest,1
selfish,7
decline,2
wonderfully,2
detest,3
accosted,2
reason,51
clock,1
dress,5
screen,2
longer,44
starve,1
sudden,8
path,4
staying,10
occasional,6
warm,6
portrait,1
interrupt,5
qualification,1
outdone,1
condemned,2
dictating,1
objections,11
emptiness,1
admittance,1
french,1
brooking,1
unblemished,1
deigned,3
hate,8
splendid,3
failing,2
sees,6
attentions,26
aunt,84
persons,9
differently,7
permission,6
awed,2
attributed,5
talker,1
resemblance,7
depart,4
steadfastly,3
projected,1
expects,1
charged,1
incredulous,3
respectability,5
pronounce,3
honest,1
dated,2
incautiously,1
water,4
courier,1
constancy,1
illustrious,1
impressed,1
interest,26
close,9
playing,6
requested,2
contrived,3
somewhere,4
denial,3
yawn,2
master,28
crushing,1
unhappily,3
forming,4
stirring,1
closest,2
lastly,1
survivor,1
shortness,1
source,6
article,3
acutest,1
brighton,24
histories,1
resource,1
distraction,1
originated,2
commissioned,1
handkerchief,1
trembling,1
unpretending,1
flutterings,1
closer,1
victim,1
invention,1
equipage,1
me,448
immediately,60
indeed,78
mary,38
miss,272
noise,3
acutely,4
duets,1
punish,3
whims,2
prepared,10
vouchsafed,1
distressing,6
amaze,1
project,1
georgiana,15
articles,2
rises,1
school,2
indispensably,1
backed,1
anxiously,2
meetings,2
passions,1
thirteen,1
covies,1
upstart,1
such,386
mr,766
old,13
natural,22
censuring,1
knighthood,2
talking,39
acting,3
notice,21
illness,2
orders,7
deserve,9
exquisite,1
cheating,1
parsonage,18
useful,6
vary,3
stronger,6
oddities,1
sport,4
prudence,4
refrain,3
minuteness,1
divide,3
despicably,1
serve,2
conjugal,2
warwick,1
stretching,1
possessed,1
learning,1
retrospective,1
captivate,1
however,134
mrs,338
next,70
general,51
family,152
felt,100
firmest,2
satirical,1
crossing,2
madam,21
pain,28
divert,1
reverse,1
superintended,1
free,7
coats,1
sketch,2
signs,1
rejection,2
females,2
confused,4
hardships,1
denoted,2
wickedest,1
pin,1
caution,3
other,211
mother,137
times,20
figure,8
exaggeration,1
enduring,1
militia,6
latter,22
amid,1
muslin,3
similarity,2
allusion,4
applies,1
discern,2
destined,3
debts,10
informs,1
gamester,1
attics,1
expence,1
innocence,1
thing,41
having,95
anybody,25
wherever,8
impose,2
pray,20
otherwise,16
watching,8
unconcern,3
celerity,1
sweetness,5
proprietor,3
astonish,2
death,8
dignity,5
inferences,1
apparel,1
placing,3
regulated,1
past,9
decisions,1
junior,1
nasty,1
employing,1
intrude,2
authorise,1
fortunes,1
impenetrably,1
exclude,1
fidget,1
when,355
hearty,2
nature,23
night,34
names,6
singular,2
removal,7
congratulation,1
lewis,3
reconciliation,2
gentle,5
conditional,1
active,4
dreaded,7
compatible,2
perfections,2
boys,3
separates,1
defection,1
inflicted,1
secured,4
impression,7
horror,5
sharp,2
stepped,1
shift,1
mortifications,1
joking,1
obsequious,1
go,102
william,45
life,56
after,199
loved,10
whose,59
coat,4
london,55
during,27
curiosity,23
bowed,3
leaving,18
wait,17
imperfection,1
polite,5
bordering,3
wishes,34
white,3
surest,1
hardship,1
military,1
assertions,3
inevitably,1
negative,3
successful,3
accepting,4
repentance,1
bottom,1
inured,1
detaching,1
induce,3
feather,1
trembled,1
confederacy,1
perhaps,65
certainly,63
excuse,15
piqued,1
persevering,1
wrong,15
wit,6
rain,4
whispering,3
original,4
forever,3
reckoned,1
beginning,12
soliciting,2
admit,6
affording,2
fresh,9
compose,3
overcoming,1
befriended,1
disagreeably,1
labour,1
contracted,3
submit,3
glass,1
pour,1
sympathise,1
counted,1
forwarder,1
infatuation,1
shrug,1
vulgarity,1
replied,103
engage,5
circumspection,2
kindness,29
catching,1
blind,6
simpleton,4
heirs,1
sparkled,2
aware,14
contrivance,4
late,19
postscript,3
unkindness,1
sincerity,4
wave,1
staircase,2
forgets,1
intimidate,1
inflict,2
warrant,1
gayer,1
dilatory,2
grievously,1
dictate,1
attendants,1
goulding,1
september,1
edward,1
undervalued,1
bills,1
enough,106
contrast,3
breeding,5
listened,21
nothingness,1
wishing,14
cheerful,7
clothes,13
o,5
cunning,1
enable,1
persevered,1
excited,10
earnest,15
hospitality,3
shine,1
produced,11
antagonist,1
unluckily,3
resolving,7
mantelpiece,3
ere,2
practice,5
crowd,1
gloomy,2
perverse,1
indebted,8
goodness,10
detailed,1
volubility,1
alluding,1
pathetic,1
adieus,2
oxford,1
bridge,3
frighted,1
finances,1
lowness,1
sedate,1
moderate,2
is,837
suffer,13
trimming,1
kitty,69
acquainted,24
gentlemen,38
between,62
valuable,9
endeavour,21
polished,2
companion,16
footman,1
accuracy,1
quarreling,2
de,39
grounds,6
nothings,1
broad,1
frightened,7
brotherly,2
dwelt,5
ashamed,16
gardiners,6
visible,5
therein,1
contrariety,1
doubly,1
undeserving,3
ceaseless,1
missed,3
fluctuating,1
disturbed,2
roasted,1
instantaneous,1
unalterable,1
on,711
depend,22
disposed,15
circumstance,19
obliging,5
colonel,65
imagination,4
captain,4
studier,1
move,3
inclination,22
check,4
gathered,2
prepare,6
heighten,1
scope,1
impatience,10
conciliatory,1
persists,1
settle,7
pitied,3
longing,2
worldly,2
smoothly,1
arrangement,8
instinctively,2
yourselves,2
repressing,1
trunks,1
absurdity,1
agitations,1
rival,1
indolence,2
importuned,1
principles,1
but,891
distant,5
amongst,12
round,17
dirty,4
relations,24
afforded,5
cover,1
italian,1
observations,3
alienated,1
knows,9
sought,5
conquest,2
unheard,1
misery,14
repetition,3
purport,2
plainer,1
awaited,1
destructive,1
seldom,9
mistakes,2
awakened,4
accused,2
trunk,1
richly,1
overspreading,1
nightcap,1
prettyish,1
end,29
tallest,1
nothing,173
without,169
characteristic,2
capital,3
thus,27
execution,4
pompous,3
painful,14
anticipated,4
deeper,3
congratulations,12
speeches,3
selecting,1
withdrawing,1
principle,5
deceive,4
transport,1
dressing,9
masters,2
punctuality,2
apparently,2
transports,2
managed,1
entered,36
bitterness,5
each,63
remember,20
airs,1
sell,1
describe,7
carried,8
defer,3
insufferably,1
willfully,1
separation,8
invite,6
complaisant,1
inhumanity,1
imperturbably,1
detached,3
footstool,1
ground,11
maid,3
rapturous,2
thankfulness,1
conciliate,1
campful,1
escaping,1
merry,3
streets,1
inadequate,1
enemy,1
brevity,1
miserably,1
oppressively,1
creditors,2
west,1
people,50
bad,15
turn,27
finding,13
longed,9
fetch,3
purse,1
meeting,22
trust,15
animal,1
richard,1
unsocial,1
maintained,2
inspires,1
tour,6
neat,1
cultivation,1
trepidation,1
accede,1
doubled,1
others,53
again,177
distinguished,6
intimate,13
formerly,7
beg,17
sonnet,1
relate,11
suitable,3
traced,2
train,1
impurities,1
emotion,5
confession,3
depressed,2
dawson,1
barouche,1
frivolous,3
brow,1
repose,1
clearing,1
loser,1
simpers,1
fluently,1
married,61
flying,2
creature,14
enjoy,8
judgement,11
deeply,5
unfolded,5
studying,4
proper,20
unwell,2
dangerous,1
indulged,2
remove,2
rapidly,2
complying,3
studious,1
gaped,1
intelligible,4
provide,4
facts,1
gets,1
encouraged,8
lover,5
transient,1
remind,3
distinguish,2
retained,2
humiliation,2
undeceive,1
derive,2
diffuse,1
wander,1
womanly,1
moral,3
plentiful,1
impudence,3
repented,1
shades,1
netherfield,73
compassion,14
use,15
discretion,5
somebody,7
proud,22
different,36
eyes,52
spend,13
attended,24
completely,7
westerham,1
conveyed,2
seats,2
assurances,8
confident,3
occasioned,4
exert,2
unattended,1
unshaken,1
stiffly,1
unallied,1
explanations,2
chapter,61
michaelmas,2
entrance,13
far,57
observe,10
shops,1
recovered,6
mounting,1
hill,10
cost,4
neighbours,11
ceremony,5
injury,1
plead,2
hastening,2
reasonably,4
foreseen,2
syllable,5
consciousness,2
fifty,6
sons,2
corroboration,1
encumbrance,1
authorising,1
embargo,1
coarse,1
lighted,1
humoured,1
foot,1
ducks,1
any,269
into,142
following,23
inquired,8
rudeness,2
hasty,5
makes,7
candid,1
convinced,40
real,31
conclude,5
red,3
aside,4
proposal,10
engagement,20
witticisms,1
catch,4
steps,5
lane,10
brothers,2
dwell,2
etiquette,2
season,3
slyness,2
relating,5
encounter,3
aloof,2
camp,3
indiscreet,1
deception,1
condescendingly,1
shrink,1
appointment,1
springs,1
party,57
ball,36
sat,38
housekeeping,3
accomplished,12
expect,35
follows,8
request,12
coolly,4
alter,1
propitious,1
demean,1
atonement,2
garden,12
examine,2
rivals,1
warn,4
sentence,12
carefully,3
unwelcome,4
rattle,2
periods,1
guiding,1
bowing,1
insulting,1
accounting,3
sedateness,1
peculiarity,1
p,1
annexed,1
live,21
going,57
freely,4
view,17
disliked,4
decorum,4
invalid,1
propose,3
actions,6
ridicule,5
intruding,2
burying,1
history,4
everyone,6
pretensions,5
insensibility,5
unseldom,1
front,5
shared,4
produce,5
feelingly,1
designed,5
retailing,1
advising,1
knees,1
villainous,1
uncertainty,1
revolt,1
cradles,1
inexpressibly,1
austen,1
room,112
favourable,12
king,8
remainder,1
occupy,2
listening,10
science,1
usually,8
alacrity,5
arm,3
waking,1
firm,3
challenge,1
acted,6
listener,3
avoiding,2
conversible,1
breast,2
leads,3
regret,19
passage,2
perceived,12
accidentally,3
happiest,10
pointed,5
informing,2
separately,1
fretfulness,2
mortal,2
cup,1
aunts,1
lanes,1
it,1467
knew,58
wish,97
gratified,14
nearly,7
attentive,10
effusions,2
unwillingly,4
whatever,31
bow,11
figures,1
respectful,1
christening,1
deliberation,4
bid,1
approach,7
informality,1
reports,1
quitted,9
discussion,5
support,7
arriving,1
steadfast,1
fluttered,1
survive,2
sides,5
mistrust,1
sprang,1
consoled,2
deter,1
falsely,1
river,6
landlord,2
thoroughly,2
sleepless,1
consenting,1
britain,1
impudent,1
unsuccessfully,1
respective,1
repelled,1
city,1
its,104
extracts,2
minutes,37
pliancy,1
offer,28
self,24
able,54
stood,14
thither,9
exhibition,2
singing,3
paltry,2
miserable,6
praises,2
painter,1
explanation,8
hereafter,3
complimented,3
hearers,1
condescends,1
forbearance,6
composedly,3
disinterestedness,1
fitzwilliam,36
jestingly,1
partly,2
unfortunate,6
pocket,3
runs,1
lagged,2
birds,2
sisters,76
discontented,2
declare,8
deferred,2
proudest,1
off,62
greater,25
lucases,14
necessary,31
wine,3
conceals,1
dark,2
refuse,9
resistance,2
ample,2
seems,22
colds,1
testified,2
probably,23
lease,1
full,19
elevated,2
willing,6
plans,3
angrily,1
comprised,2
clearly,3
maiden,1
charge,8
gaze,1
jokes,1
conditions,1
fulfil,1
saucy,1
filling,1
monday,9
now,204
manner,98
does,81
dinner,35
wonder,34
beyond,35
public,12
vingt,1
ear,1
fitted,6
speaker,1
perceiving,4
thirdly,2
interrupting,2
discharging,2
calculation,1
ordained,1
importing,1
awe,3
whispered,1
discompose,1
varieties,1
forego,1
dispose,1
latest,1
obligingly,1
have,835
year,28
only,214
learnt,14
elated,1
frequent,13
coincided,1
springing,2
puddles,1
parting,7
enjoyment,13
music,12
leaves,2
atoned,1
wondered,8
threadbare,2
reject,4
alterations,1
circulating,1
youth,9
notion,7
misused,1
conducted,2
grossest,1
liverpool,1
partake,2
drooping,1
earthly,1
butler,1
sorely,1
thoughtfulness,2
benevolent,1
belongs,1
darling,1
prejudice,6
truth,27
assemblies,2
books,12
assistance,13
fifth,1
possible,56
doing,25
compassionate,2
dialogue,2
obstinacy,2
particulars,20
condescended,5
weak,7
spot,7
riding,1
proxy,1
match,24
owe,5
requesting,2
double,2
sallied,1
thoughtful,1
justification,1
beauteous,1
exigence,1
preservation,2
jane,291
contain,6
laid,8
etc,13
difference,10
provoking,3
intermission,3
weeks,18
break,2
unworthily,1
yawning,1
attractions,4
conference,4
effusion,2
unaccountable,2
worst,7
presents,3
obtruded,2
transactions,2
social,1
john,1
afresh,1
dreadfully,2
trace,4
coppice,1
stole,1
speculation,1
venison,1
innocently,1
ignorant,16
respect,30
sakes,2
hundred,6
invaluable,3
blowsy,1
censure,5
alarming,5
prevailed,15
curious,5
intimacy,10
adhered,1
forgotten,12
attached,11
pleasantness,3
blush,4
deserving,2
professed,4
encroaching,1
dispelling,1
sleeves,1
separating,1
familiarly,2
teach,5
comprehension,1
yards,1
indicated,1
forwarded,2
thence,1
glove,1
violated,1
poor,36
morning,79
escape,10
joke,3
whole,79
established,7
took,53
absolutely,17
failure,1
favourite,22
dearest,16
paint,1
slowly,4
tendency,3
drive,4
income,11
prompt,1
delayed,6
ingenuity,2
secrecy,10
fewer,1
edged,2
indulge,5
bought,5
rage,2
corruption,1
long,115
our,73
eldest,20
tide,2
declined,6
consequence,30
private,11
doubtful,2
unshackled,1
things,28
secure,13
severe,8
entreat,6
strictures,1
parted,14
forward,27
captivation,1
odious,3
retail,1
became,16
players,2
preferment,3
extended,3
unconcerned,2
pure,2
palings,1
ascended,3
habits,3
cautiousness,1
pledged,2
considerations,1
papers,1
enabling,1
second,25
insupportable,3
thought,112
fancying,4
perceive,7
grave,9
connections,18
employ,2
supper,11
quickly,4
appear,30
seated,15
conceit,4
petition,1
bye,3
honourable,6
acceptable,6
imposing,1
crowded,3
composed,3
melancholy,5
inevitable,3
publish,1
unreserve,1
reputed,2
relinquish,1
played,1
scarce,1
conjectures,4
infliction,1
august,1
scorned,1
battled,1
grown,4
choose,19
women,19
cordial,3
twice,14
possibly,8
superciliousness,1
yielding,3
glowing,1
brightened,1
offended,9
colour,12
begging,2
impulses,1
useless,6
violence,3
acceptance,4
despair,1
foundation,4
continuance,3
glory,1
built,3
instructing,1
retreating,1
advancement,1
stretched,1
imitate,1
fighting,1
blacken,1
retrospections,1
just,71
while,73
courses,3
uncommonly,9
sometimes,34
meditating,3
suffers,1
done,91
harp,1
schemes,7
exhausted,1
cordially,3
questioned,3
announced,3
affectionate,17
announce,4
gracious,8
lad,1
pale,4
expenses,3
desert,1
concealed,7
meditations,1
restrain,2
gentlest,1
gaudy,1
feelings,86
rest,40
overheard,3
injured,4
receive,28
discomposure,3
cruel,4
relation,11
clarke,1
pitiful,2
argued,1
quarter,9
illiterate,1
enter,12
contradict,2
perseveringly,1
uttered,5
journey,21
mark,4
humiliating,2
grievances,2
elevating,1
conquer,2
humbling,1
lawfully,1
matlock,2
seizing,1
insisted,1
officiousness,1
mean,34
herself,227
observing,12
catherine,126
friendly,7
parties,12
avoid,18
indifference,17
note,8
abusing,3
blots,1
proceed,5
tease,2
expose,7
revenge,2
actual,5
anger,13
devoting,1
tempered,1
hurt,6
momentary,3
lovers,4
thoughtlessness,3
wisdom,1
unimportant,1
beloved,2
groundwork,1
unknowingly,1
unprofitable,1
abiding,1
answers,1
woody,2
proportioned,1
reference,2
deciding,1
additional,2
actuated,1
deserted,1
enormity,1
haggerston,2
requited,1
spiteful,1
exaggerate,1
the,4306
find,58
really,87
fears,9
manners,45
care,34
anxious,26
guard,7
similar,5
shake,2
prevented,23
prognostics,1
activity,4
ankles,2
concern,26
fellow,9
wise,5
peace,7
counteracted,2
across,5
contented,4
enumerating,5
purposely,6
temptation,7
expectation,18
brings,1
continual,3
fender,1
perusing,1
conveying,1
grasp,1
immoral,1
displayed,3
obeisance,1
lurking,1
lamentations,3
dazzling,1
kenilworth,1
economically,1
fairly,2
flight,3
shoot,3
servants,12
disclosed,1
window,16
pronounced,10
third,7
quitting,8
due,11
felicity,18
acquaint,2
commendations,1
finally,7
anywhere,1
neglecting,2
cease,2
elapsed,2
hated,4
stopping,3
lingering,1
restoring,1
unintelligible,1
dictated,1
annual,1
gulf,1
dupe,1
wilderness,1
want,44
consider,33
honour,42
tolerable,15
residence,4
removed,16
offend,3
together,64
conversing,3
strong,19
formed,16
heavens,1
regarding,1
blame,15
marked,13
audience,2
headstrong,4
scheming,1
lakes,6
clump,1
frost,1
hesitation,3
endeavours,7
revived,3
consigned,1
date,2
friendlier,1
limits,1
instruct,1
pleasantry,2
till,92
unlucky,10
ten,32
fear,24
circulation,2
introduced,9
memories,2
moving,5
country,41
comfort,31
treated,7
ached,1
elsewhere,5
cards,7
except,21
write,38
explained,9
bitterly,2
variance,1
apologised,2
disgusted,3
suspect,4
mere,5
stanzas,1
heightened,8
grand,2
angelic,1
displease,1
unalloyed,1
verdure,1
lend,1
profusion,1
defence,2
hereabouts,2
feathers,1
staid,2
backward,1
flatter,10
anything,79
ask,32
disposition,25
hursts,1
gravel,3
delicate,6
rambled,1
welcomed,7
professions,6
diffuseness,1
bourgh,39
olive,3
dose,1
competition,3
clergy,1
disobliging,1
hesitate,3
feet,1
sloping,1
bordered,2
ensuing,1
cassino,1
staggered,1
detection,2
unsuspicious,1
improprieties,1
improves,2
foresee,1
barbarous,1
hushed,1
see,149
town,64
looking,28
recommendation,4
consolation,10
feel,39
pemberley,53
net,1
health,18
exposing,5
prized,1
unreasonable,7
bingleys,5
consulting,2
discernment,2
promising,4
favoured,1
strangeness,1
anticipating,2
theatres,1
pursued,2
painfully,2
curtsey,3
detect,1
descended,3
w,2
exuberance,1
bold,2
shew,1
detested,1
my,664
high,17
ill,75
followed,25
age,15
supercilious,1
argument,5
uneasy,8
returning,12
substantial,2
verses,1
tea,13
win,1
choosing,1
correct,2
hesitating,1
utter,6
language,5
hopeless,7
resigned,6
necessarily,3
correspondence,5
sacrificed,1
farewell,3
dignified,3
agitated,5
misled,1
meanest,1
perturbation,2
narrowest,1
gloried,1
turnpikes,1
negligent,1
ashworth,1
april,1
reply,26
generation,1
encouragement,10
deserves,4
sent,20
writing,13
confidence,11
wednesday,9
witnessed,4
included,2
disregarded,1
gravity,4
pictured,1
proverb,1
descent,3
revive,1
gaiety,2
beaux,1
spread,3
liking,2
fresher,1
coincide,1
trees,5
considerably,3
continuing,2
abide,1
flirt,4
satin,2
undiminished,1
noblest,1
uniting,1
tiresome,2
twenty,10
return,49
hurst,33
quieter,1
lived,14
treatment,4
beforehand,1
musical,1
order,7
proportion,4
coming,61
quit,10
undervaluing,1
flat,1
disrespectful,1
british,1
pretense,1
hates,2
circumspect,1
companions,7
proficiency,1
tractable,1
separate,6
grief,2
miniatures,3
sings,1
circuit,1
discharged,3
uppermost,1
cares,2
bitterest,1
comprise,1
lustre,1
wavering,1
premises,1
consent,13
word,48
caprice,4
amusement,12
unreserved,3
talked,38
approve,5
vexation,10
breakfast,26
adventure,2
repeatedly,9
assert,5
carriages,6
qualifications,1
slave,2
simply,1
fingering,1
expecting,5
prejudices,2
unbending,1
kindest,1
wearied,1
culprit,1
breakfasted,1
chatty,1
forgiven,1
said,401
young,130
sorry,34
tall,8
save,3
deficient,5
gallant,1
cold,18
summoned,5
sort,38
purses,1
parlour,6
assurance,15
despise,3
rational,10
faults,4
preceding,4
furniture,10
advantageous,2
fell,2
malicious,2
sixteen,7
unacquainted,1
preparations,2
solicit,1
bashful,1
appearances,1
accounted,2
diversified,1
bearing,2
sisterly,3
practising,1
impressing,1
recover,6
soothed,1
bromley,1
boxes,1
from,484
intended,21
excellent,18
skill,3
stupid,3
conceited,6
silence,34
acquired,2
synonymously,1
hours,26
adopt,3
happiness,72
teased,2
concerto,1
inconsiderable,1
readily,17
tedious,1
discourage,2
hall,12
defend,3
increasing,10
testifying,1
rejecting,2
joyful,2
edge,2
obligation,6
misfortunes,4
hesitated,3
cucumber,1
ugly,2
straws,1
youths,1
accustomed,2
endless,2
insufferable,1
newcastle,4
hunting,1
partridges,1
she,1682
week,29
attention,68
behaviour,55
passed,61
stranger,13
horrid,3
angel,3
ourselves,8
undone,1
displeased,4
improve,3
cluster,1
thank,16
reflect,5
diffidence,5
jilt,1
admirer,3
worn,2
sinking,3
dissipation,1
sentinel,1
comprehended,3
exchanged,1
abundant,1
connubial,1
winking,2
send,24
chooses,8
serving,1
entertained,7
plan,13
clerk,1
brilliancy,2
despicable,1
piece,5
subsisting,2
incapable,8
sorrow,4
alteration,7
delights,2
digressions,1
infamous,4
consign,1
comparatively,2
boasted,2
predict,1
effectual,1
affections,4
containing,2
oppressed,2
signify,3
gentleness,4
spur,1
rapture,2
explore,1
temporary,1
recommending,2
fugitives,1
brittle,1
expedite,1
much,327
them,435
dancing,21
ankle,1
follies,4
risen,1
clear,9
decidedly,4
writes,1
beneficence,1
allude,1
providing,1
pauses,2
behalf,4
certainty,8
drove,11
matrimonial,1
hedge,1
thirty,3
shifting,1
fruits,2
epsom,3
fight,2
ungraciousness,1
rapacity,1
tempers,1
talk,32
make,167
obliged,29
regard,49
guarded,9
degree,23
hard,12
officers,31
stiles,1
feverish,2
vast,2
charm,6
requiring,5
redress,1
encourage,6
caring,2
provision,2
confirms,1
wiser,1
road,13
tears,10
ardently,2
gross,2
missing,1
dull,4
welcoming,1
harriet,2
anew,1
banks,2
decent,3
pouring,1
inducements,1
proving,1
dear,153
what,435
impossible,42
never,219
vexed,8
admire,18
nine,2
succeeded,7
approaching,12
effort,5
church,11
led,18
wickham,190
tormenting,1
incensed,2
reproached,2
paling,1
defined,2
discussed,3
celebrated,2
chambermaid,2
sneering,1
intrigues,1
philosophic,1
universally,3
delight,25
knowledge,20
questions,16
impertinent,6
oftener,3
justifying,1
fill,1
work,21
apparent,3
places,5
pleasanter,2
mistook,1
directed,9
humility,5
hour,25
further,21
liveliest,3
praised,2
pardon,15
stands,2
chimney,1
affirmative,2
excite,3
irritation,3
sunk,4
broken,7
appease,1
jumbled,1
blinds,1
broke,2
splendour,1
satisfactions,1
annesley,3
rejoined,1
nose,1
favourites,2
admission,1
advertised,1
closure,1
forgiveness,2
reserve,7
up,121
period,15
safely,3
pedantic,1
expressing,8
possibilities,1
list,3
follow,11
ordered,8
saturday,17
roused,6
delicacy,11
pleases,2
arranging,2
civilly,3
resume,1
mingling,1
justified,5
dullest,1
depended,4
friday,1
omitted,1
detaining,2
clerical,1
dwelling,7
succeed,3
overjoyed,1
captivating,2
ruined,2
insolence,1
err,3
token,1
salad,1
acquiesce,1
appeals,1
seized,2
searching,1
elope,1
sept,1
hang,1
personages,1
taken,31
i,1754
fall,9
paid,18
oblige,6
pair,2
entailed,6
danger,19
die,4
patient,1
expense,6
wholly,26
proceeding,6
proved,17
loss,17
filial,2
hunsford,23
soul,2
altar,1
vent,2
attributing,1
imaginations,1
boundless,1
keener,1
arrogance,1
prejudiced,1
unfit,2
conquered,1
spacious,1
closely,1
beatings,1
overtaken,1
loose,1
like,76
occasionally,12
advice,15
satisfied,34
market,2
criticise,1
excellence,2
restored,2
materially,5
bears,2
neighbourhoods,1
troubling,1
disliking,1
disgraceful,5
dressed,6
ignorance,7
probity,1
indignant,2
manoeuvre,1
formidable,4
scold,1
symptom,4
obvious,1
grieving,1
willingness,3
indistinctly,1
adequate,1
clue,1
declaring,1
omen,1
single,12
evening,74
cannot,112
coldly,2
seminaries,1
trade,4
provided,6
tenant,1
formality,3
nay,5
besides,12
silently,3
disengaged,2
preferred,3
punctual,3
deprived,3
exclaiming,4
forgot,5
rang,1
objectionable,3
engaging,6
achieving,1
conception,1
displaying,2
varying,2
lessening,1
blasted,1
shed,1
contributed,1
artificial,1
intelligence,19
fortunate,15
arrived,15
gallantry,8
higher,4
indignation,8
annoyed,1
getting,7
sore,1
driving,4
nourishes,1
rail,1
cooking,1
rising,7
bewitching,1
exultation,1
animating,1
secretly,3
fail,6
wickedness,2
unprepared,1
prepossessed,1
cry,1
lie,1
storm,2
and,3432
property,8
heaven,11
dislike,23
surprise,37
calculated,3
ma,7
appetite,2
sound,8
male,1
guided,2
picture,13
invited,11
voice,22
advisable,6
despising,2
usual,34
presence,6
precipitate,2
deserved,6
defense,1
respected,3
error,6
privilege,3
gig,1
cambridge,1
bandbox,1
clamorous,1
comprehends,1
recognized,1
benefits,1
survey,1
constitute,1
known,57
settling,3
do,331
assuring,4
advantage,34
decided,11
playful,2
sweet,7
answering,3
estimation,5
convey,2
hands,7
novels,1
mansion,2
claim,5
class,2
months,21
cheerfully,2
observer,2
recalled,2
equivocal,1
mechanically,1
acceded,1
untinctured,1
invitations,1
frailty,1
demanding,1
mindful,1
hypocrisy,1
severest,1
moralize,1
been,514
here,70
upon,69
observation,14
command,6
occupied,6
happens,4
apothecary,2
unvarying,1
expressive,2
child,14
lot,2
disarm,1
attempting,4
pressed,2
attracted,2
easter,3
appearing,6
resolute,1
defended,1
force,8
changing,3
ceased,6
owed,6
reasonable,14
fronted,2
kinds,1
stumbling,1
exclaim,1
exciting,2
attraction,3
packed,1
stratagems,1
dare,40
three,61
gone,62
every,197
god,4
preside,1
probability,9
generally,16
feature,2
build,1
restoration,3
grantley,1
modesty,6
dependent,3
objects,7
folly,11
fellows,2
infancy,2
extravagance,4
voluntary,3
refreshment,5
interference,13
scolded,1
uniformly,3
emergence,1
representing,2
undecided,1
revealed,2
degrees,1
dullness,1
imperfectly,1
promoted,1
guilty,2
forgetfulness,1
sally,1
void,1
mistake,8
barefaced,1
wore,2
dispatched,4
excessively,11
amount,2
away,117
acknowledge,8
playfulness,2
bestow,7
mirth,2
directions,7
important,10
picturesque,1
fireplace,1
calmness,4
proposed,5
iniquitous,1
false,12
november,5
need,19
hire,1
around,2
attribute,4
pursue,6
complain,4
repulsed,1
oppose,3
coquetry,1
abound,1
stupidity,4
exercising,2
correspond,1
ungracious,3
disposal,2
contemptuously,1
extinguished,1
fool,3
sameness,1
illiberal,1
swelled,1
meditation,1
serviceable,1
theatre,1
are,332
equally,20
tempt,4
shocking,6
bottle,2
scotch,2
moved,9
matrimony,6
poured,1
influencing,1
injuring,1
suitableness,3
naturally,12
intimately,2
openly,8
agonies,1
refusal,7
voluntarily,6
delivered,4
suggestion,1
rated,1
regained,1
repugnance,1
atone,2
heavier,1
deemed,1
rob,2
nowadays,1
hanging,1
reap,1
clement,1
confide,1
oakham,1
rein,1
handsome,37
raptures,7
where,86
look,56
express,24
attachment,27
draughts,2
increased,11
wild,11
injustice,4
affinity,2
mentioning,7
infinitely,4
arrange,1
stamp,1
happening,2
understood,13
personal,2
griefs,1
malice,2
freedom,4
felicitations,1
hoping,4
position,1
delighting,1
slacken,1
accurate,1
examining,4
travelling,6
price,2
packing,1
lifetime,1
sensation,3
engross,1
spurned,1
surely,3
meet,31
part,60
unwilling,10
goes,2
disputes,1
recovery,3
paying,4
uncivil,5
blessing,4
peculiarly,3
recall,2
civilities,7
trifle,5
probable,12
reasons,5
resignation,2
evils,8
evade,1
adieu,5
talents,5
seconded,1
crayons,1
fishing,4
final,1
agreed,12
better,92
moment,70
happy,83
fault,7
vain,20
irish,1
complacency,4
phillips,31
yesterday,13
benefit,5
screens,1
acknowledgments,2
tax,2
finish,4
desperation,1
tuesday,12
duchess,1
tender,4
calmly,1
rectitude,1
rivers,1
hastened,4
prudential,1
inconveniences,2
condemn,3
measures,3
disdained,3
glimpse,2
exposure,1
pausing,2
appointed,1
snug,1
despised,3
reynolds,10
watches,1
unworthy,4
against,52
walk,51
small,23
case,32
feels,4
forced,20
lodgings,5
contrive,3
concerned,18
folded,1
servility,1
anne,5
treating,1
accounts,3
esteem,11
contribute,2
entreating,1
eloquence,1
feared,11
middle,3
complaint,1
unequal,4
vindication,2
extreme,4
woods,7
proudly,1
sufferer,1
ventured,7
of,3593
pleased,39
compliment,26
continue,9
archly,2
flowed,1
store,1
through,42
absent,4
informed,10
accompanied,6
rule,2
trouble,21
brightest,2
noisy,3
breathing,1
prizes,1
truest,1
imposed,3
regulate,1
scene,16
concurrence,2
confirm,1
reminding,1
objected,1
chair,6
errors,3
sustained,1
made,126
very,474
ideas,13
prettiest,1
twelvemonth,7
card,9
moreover,11
steadily,3
breaking,2
immediate,12
forbid,4
intending,7
luckily,4
review,3
niece,22
sideboard,1
exist,1
remonstrance,1
exuberant,1
tents,1
parasol,2
personage,1
curiosities,1
sphere,2
preference,10
experience,2
began,59
satisfactory,7
suppositions,1
county,6
manor,2
housekeeper,16
careless,2
guest,5
confirming,2
born,2
receiving,20
until,3
unreasonably,1
unappeasable,1
prefaced,1
comforts,4
threatened,1
thrown,8
newest,1
travellers,3
pales,2
mislead,1
impartiality,1
spots,2
teeth,1
involves,1
powdering,1
penetration,2
mount,2
no,459
fastidious,2
intolerable,3
disadvantage,5
evenings,4
possibility,13
call,28
uncommon,5
console,9
custom,2
expressly,1
prior,2
subsist,1
agony,1
search,2
constantly,3
cleared,2
commissioning,1
flirting,2
birmingham,1
furnished,1
scotland,8
kissed,2
reasoning,1
devoid,1
loves,2
arrival,30
once,57
several,23
help,41
question,23
pack,2
intention,15
nursing,1
civility,42
reprehensible,3
cure,1
laughingly,2
remaining,8
patronage,4
discourses,1
adapted,3
generous,12
estimated,1
gives,9
appeal,2
calm,5
shorten,1
overpowered,3
barbarously,1
successor,1
communicated,3
sports,1
executors,1
discreditable,1
harboured,1
secrets,1
forbade,1
outrun,1
regain,1
curricle,2
sagacity,1
jewels,1
consisted,2
yet,71
mud,1
advantages,8
laudable,1
wisely,4
lord,11
rebuke,1
complimenting,1
misleading,1
falsehood,7
died,3
unconnected,4
eagerness,8
greatness,2
storing,1
described,5
hazarded,1
vanished,2
lift,4
fruit,1
precious,2
notes,1
unjustifiable,2
confidante,2
hearth,1
trifled,1
land,1
irreproachable,1
unabated,1
black,1
educated,2
porridge,1
lest,8
converting,1
powers,6
ordination,1
patroness,7
state,19
phillip,1
absolute,4
lower,4
chicken,1
finished,10
emotions,1
overpowering,1
colouring,3
comparing,2
northern,3
boundary,2
hurried,10
complaining,1
retreated,1
monosyllable,1
stir,1
concisely,2
relished,1
fixed,22
therefore,74
world,66
chose,16
allowed,26
opinions,8
asserting,1
forster,39
song,5
ensign,1
discomposed,2
engrossing,1
prosperous,2
loud,2
restraint,5
custody,1
combated,1
someone,1
fate,2
commencement,2
lifted,2
sounds,1
grain,1
natured,1
wearisome,1
lady,184
rode,2
compliments,11
spite,23
remarkably,10
caught,11
coffee,7
requester,1
taught,8
conscientiously,1
bonnet,3
assist,7
misrepresented,2
trusting,2
sensations,3
refused,6
sour,1
vigour,1
shocked,7
governess,8
impelled,1
blameable,1
waiter,3
witty,1
rightly,2
amounting,1
over,91
an,350
matter,29
join,19
reasonableness,1
breath,2
regiment,22
astonished,14
speech,12
jot,1
downstairs,6
seize,1
ago,26
preaching,3
spokesman,1
muffin,1
matters,8
recollect,6
artfully,1
repine,4
canvassed,2
amidst,4
supplying,1
acute,2
depreciate,1
july,1
resuming,1
brown,1
exceeding,1
ancient,1
something,69
stared,5
danced,12
unless,18
withdrew,5
village,6
lace,1
duty,15
heartily,10
service,7
judge,12
aimed,1
heavy,4
glance,7
seconding,1
apologies,2
vivacity,2
patron,3
valued,5
pope,1
joints,1
summon,1
clearer,1
petrified,1
bedrooms,1
construction,1
peaches,1
stem,1
polluted,1
distrusted,1
house,106
husband,50
common,19
mortified,5
symmetry,1
weary,2
bed,5
impertinence,8
consistent,3
shortly,12
including,2
alluded,6
prudent,4
unqualified,1
pursuing,3
betrayed,4
blameless,1
disadvantages,2
mankind,1
ensue,1
forsters,1
connect,2
deaden,1
petitioned,1
frankness,4
quick,10
hat,2
delightful,18
disconcerted,3
features,8
found,66
gown,7
wanting,7
accomplishments,5
paused,3
resolution,19
poorly,3
condescend,1
yes,24
checked,5
hints,4
interfere,1
kent,14
excellency,1
tickets,3
significant,3
glow,3
respects,6
dutifully,2
reflecting,1
bestowing,1
watchful,1
cottagers,1
undoubted,1
discharge,2
violation,2
wears,1
diverted,3
warded,1
blenheim,1
lightness,1
hatred,1
dines,1
scarborough,1
at,782
planned,3
discovered,7
relates,3
desired,6
scheme,18
convert,1
knowing,27
remains,5
waiting,10
warmly,8
lead,6
sign,2
uneasiness,7
noticed,8
describing,2
accident,6
confiding,2
insensible,4
allowances,1
carry,5
reduced,4
repulsive,1
development,2
nicely,1
pursuits,1
accents,2
anticipation,1
spars,1
inspection,2
revolted,1
involuntary,1
mostly,1
services,1
expressively,2
basis,1
submitted,1
well,206
heard,86
bingley,304
least,65
scolding,2
time,200
beheld,2
strength,6
lodge,8
pressing,5
style,10
thankful,8
domestic,7
pretension,1
offenses,3
connection,20
arrogant,1
exhibiting,1
regular,3
intently,2
dishonorable,1
creditably,1
procuring,3
harshly,1
purchased,3
elder,12
immovable,2
sharers,1
undeserved,1
foul,1
querulous,1
commonly,1
individually,1
compensation,1
warmest,2
shoulders,1
step,16
idea,49
walking,26
elegant,14
sooner,13
entreaties,4
smiling,10
visits,5
acknowledgment,3
benevolence,3
indolent,1
housemaid,2
tremble,1
pens,1
change,24
assisted,4
gift,1
putting,5
repaid,2
gracechurch,7
wind,1
finds,1
remembering,2
definition,1
reproofs,2
foundations,1
esq,1
counteract,1
pollution,1
cried,91
before,227
way,108
get,52
ascertaining,1
darcy,418
spirits,39
score,4
performance,6
spare,7
walker,3
victory,1
gardiner,97
archness,1
profession,7
bell,4
retirement,2
concerning,5
unpleasant,8
laity,1
audible,1
allusions,2
dissemble,1
proceeded,10
accompanying,2
forbearing,1
try,12
consternation,1
misconduct,2
gardener,2
nobler,1
acquainting,1
predominate,1
household,1
unabashed,1
cogent,1
bath,1
that,1505
introduce,11
heart,45
easy,24
hack,1
prefer,6
ceremonies,1
fully,5
publicly,3
manifold,1
york,1
seasonable,1
irksome,2
impute,1
grandfather,1
gratify,2
direction,10
tenor,1
ate,3
coloured,5
aught,1
substitute,1
naming,1
presuming,2
emphatically,1
sir,76
children,25
spoke,43
youngest,13
closed,6
nobody,17
habit,7
hardly,46
entertain,5
unlike,4
agreeably,3
sleep,4
telling,7
entertainment,6
superiority,1
communication,11
shook,11
suggesting,1
keenest,3
comfortable,12
grandeur,4
dishonest,1
blessed,4
habitual,1
suspects,1
lamenting,1
inform,7
restrained,1
selfishness,1
befall,2
neatness,2
fingers,3
softness,1
hastily,9
presided,1
abroad,4
chestnuts,1
b,1
yielded,2
board,1
hired,1
chance,18
deep,7
were,564
mentioned,28
feeling,38
familiar,3
instantly,31
dirt,2
dining,17
recovering,5
nicholls,2
establish,1
behave,2
concluded,10
acquit,2
singled,2
grosvenor,2
occurring,2
tribute,1
inspire,1
resisting,1
revealing,1
saving,3
war,1
merits,1
shrewish,1
eleven,1
errand,1
blamed,1
best,41
would,468
altogether,8
deny,8
untidy,1
patience,9
deceitful,2
running,9
shade,2
seeking,7
increase,6
employment,6
george,8
permit,1
profit,1
guests,1
meanwhile,5
envelope,3
bustle,1
laurel,1
owned,3
overpower,1
witness,3
magistrate,1
incredulity,3
unfelt,2
privately,3
freckled,1
handsomely,2
disturbers,1
bakewell,1
mildly,1
replies,1
prodigiously,3
changes,1
vastly,1
let,65
think,211
come,88
understand,30
opinion,68
agree,6
grieved,11
admiration,25
scarcity,1
short,43
larger,6
estimable,2
run,11
stout,2
studies,2
conduct,23
overthrowing,1
jealous,3
portraits,2
justify,6
vices,1
prove,8
largest,1
topic,1
bets,1
striking,3
conversations,1
mountains,2
employments,4
cheeks,4
remorse,1
plantation,1
previously,2
scores,1
finishing,1
gaining,3
gaming,1
subjoin,1
delighted,23
abuse,2
somewhat,8
home,66
scarcely,45
amuse,5
interesting,14
whisper,9
excessive,4
arts,4
partiality,13
sacrifice,8
perform,4
unassuming,3
lottery,3
pointedly,1
boasting,1
assisting,2
supposing,14
bride,3
rejoice,7
avowed,3
reproaches,1
resolutely,3
endure,1
parading,1
returned,45
hearing,24
crown,1
company,22
sharpened,2
strongly,8
overhearings,1
easily,26
tolerably,14
trifling,5
tenderness,3
advise,8
representation,4
affairs,7
weakness,5
marry,42
bound,1
descending,2
sincere,10
answerable,2
believing,12
farther,15
obstinate,3
accordingly,6
sadly,2
unequally,1
legacy,1
harringtons,1
attachments,1
creative,1
hardened,1
dimensions,1
glen,1
shall,159
draw,6
alone,30
contrary,10
begin,13
instrument,11
believed,37
listen,12
thin,5
january,2
panegyric,2
attitude,1
owns,1
exceeded,2
fearing,3
scarlet,2
graciously,1
indifferent,16
ones,6
impartial,3
quarters,2
mornings,2
dispute,2
steward,5
prevail,2
recollected,13
mercenary,5
slightest,3
prey,2
confidently,1
good,190
so,581
all,619
astonishment,30
neglect,10
determining,2
blue,2
associating,1
value,9
complaints,4
contents,9
needlework,1
corner,1
sink,3
unite,2
nephew,22
startled,2
faintly,1
apprehension,12
preservative,2
designedly,1
older,2
collected,3
carrying,4
overflowing,1
removing,3
exceptional,1
susceptibility,1
successively,1
ensigncy,1
dropt,2
devote,1
doubtingly,1
boldly,1
disgust,5
reflections,9
application,12
smart,2
perpetual,1
vouch,3
china,1
trials,1
conditionally,2
owes,2
calculate,1
attach,3
letting,5
leaning,1
domestics,1
louder,1
extravagant,4
bathing,1
philosopher,1
abrupt,1
acceding,1
insincere,2
a,1926
if,303
waited,7
most,185
presentation,5
discover,8
horsewoman,1
smile,29
indirect,2
planning,2
strictest,1
nice,5
exhibit,1
independent,2
cross,4
regularly,1
characterise,1
attentively,3
apprehensive,1
interpretation,1
howsoever,1
vicinity,1
expences,1
assure,39
brother,79
event,22
seek,8
flattered,7
haste,9
dine,16
nonsensical,3
generations,1
placed,9
consult,3
rectory,1
objecting,3
stately,3
birth,5
fordyce,1
went,67
release,1
total,3
rejoiced,9
effects,3
favours,2
diffident,1
unsuitable,2
february,1
echo,1
acknowledging,1
existing,2
hatefully,1
winding,1
gretna,2
kympton,1
sanction,1
intimidated,1
discovering,1
implies,1
as,1165
either,59
early,28
charming,19
drink,7
defects,5
weather,6
especially,22
lately,11
apartment,4
transition,1
overhear,1
mildness,2
introducing,4
renewed,6
burst,3
daily,3
universal,3
acquire,1
inferior,5
webbs,1
gratefully,3
vanish,1
coincidence,1
gowns,2
restless,1
gay,2
watering,1
peak,1
sly,3
contradictions,1
neighbouring,2
explanatory,1
unexampled,1
this,422
am,317
nonsense,7
lizzy,86
why,42
violent,10
accidental,3
play,18
glancing,3
considering,13
opened,16
cheapside,2
rings,1
kindly,7
se,2
preparing,6
pages,1
bows,2
admiring,2
looks,12
emphasis,1
decisive,2
suddenness,1
allowance,2
pleasures,7
delivering,1
negligence,1
investigation,1
weighty,1
aid,1
referred,1
post,5
requisite,1
named,1
deranged,1
paddock,3
austerity,1
unchanged,1
england,5
five,32
business,45
being,175
near,38
clever,7
right,40
examined,4
taller,1
closet,1
honours,2
unhappy,12
gaieties,2
solicitation,1
disclaimed,1
acquiescence,2
troop,1
afford,7
sufferings,2
misrepresentation,1
elopement,9
abused,2
selves,1
inns,1
bosom,1
incurred,1
intimates,1
heinous,1
racked,1
wavered,1
undetermined,1
thinking,21
pieces,2
fatigued,4
branch,1
sister,218
fixing,2
laugh,16
mode,5
learn,10
fit,4
game,7
esteemed,7
triumph,10
defect,4
positively,2
consequential,1
confirmed,3
dreadful,11
arranged,2
mild,1
fastened,1
inn,7
wood,4
outlived,1
coherent,1
threats,1
vehemence,1
north,6
cases,6
quieted,2
suppose,48
slight,18
advised,3
idle,8
profuse,1
pity,9
overcome,10
varied,3
fish,5
stairs,18
cessation,1
pavement,1
blushed,7
repeat,5
respecting,3
husbands,4
glories,1
reappear,1
lofty,1
punch,1
smirks,1
epithet,1
comparisons,1
reluctance,1
about,118
neighbour,8
consequently,10
affectation,3
fashionable,1
t,4
ragout,1
independence,6
modern,2
presume,2
sickly,4
written,19
drop,3
obligations,3
implicit,1
regarded,3
contained,7
retort,1
disappoint,2
indefinite,1
shock,2
solitary,4
ramsgate,3
route,3
stables,1
whimsical,1
advantageously,2
busy,1
reconcile,1
flow,4
says,15
her,2220
silly,12
information,27
solace,1
meaning,14
goodwill,2
mortifying,6
slightingly,1
thankfully,1
tone,16
worse,13
son,22
implacability,1
unsubdued,1
advances,1
quietly,8
proposals,9
undo,2
deprive,1
fourthly,1
confessed,4
congratulate,7
drily,2
vexations,1
curtains,1
finest,2
apartments,2
dismissed,3
alive,2
survived,1
forlorn,1
simpered,1
fortune,39
know,238
though,217
another,57
evident,18
affection,58
advance,3
advanced,5
oddity,1
marks,2
court,4
incumbent,4
excess,2
although,1
doubted,8
pitiable,3
endurable,1
occupies,1
believes,1
addresses,6
integrity,3
ramble,2
asserted,1
coarseness,2
northwards,1
discrimination,1
contrasted,1
untitled,1
pitched,1
sportive,1
his,1260
has,215
came,90
newcomers,1
half,70
credit,27
disagreeable,14
conceive,3
desirable,11
possess,5
sex,7
correspondents,1
improvements,1
regrets,3
declaration,5
dawdled,1
dismission,1
desponding,1
deceives,1
struggled,2
plenty,1
forcing,1
kinder,2
temptations,2
overthrown,3
scattered,2
simple,1
disquiet,1
barely,1
construing,1
petulance,1
termination,2
availed,1
lamented,1
stage,1
explicitly,1
unmarked,1
recommend,12
then,169
suddenly,16
haughty,3
defied,1
default,1
miles,16
complied,3
side,54
regulation,1
softened,6
composition,1
backgammon,2
fairest,1
evidently,5
pretending,3
wear,1
rocks,1
judged,3
applying,3
sensibility,2
message,3
drawn,8
enhance,1
equalled,1
torment,1
refuge,1
member,1
large,23
promised,21
nieces,10
eluded,1
forbidding,1
point,46
line,8
inflexibly,1
tired,4
corroborated,1
occupation,1
eager,13
stateliness,1
poultry,3
neglected,2
retaliate,1
improved,6
unmoved,1
severity,1
opportunities,1
luckless,1
curtailed,1
crowned,1
windings,1
guessed,3
courting,1
proportionate,1
exceed,1
revolving,1
first,145
give,123
imagine,27
number,5
ridiculous,4
maria,20
open,17
calling,15
subjects,10
talent,2
trusted,7
disgraced,1
unforgiving,2
surmount,1
couples,1
punctually,3
joyfully,1
walks,3
disturbance,1
gates,2
ultimately,1
repent,1
happier,3
triumphant,2
lasted,3
satisfying,1
profligate,1
forty,1
retain,1
mind,57
employed,8
declared,15
dresses,1
added,71
foolish,8
complexion,7
desiring,2
fair,22
maintaining,1
interested,8
deserts,2
truly,7
discourse,7
commended,2
troublesome,1
designing,1
banish,3
breathless,2
peculiarities,1
penitent,1
recurring,1
liberality,2
extractions,1
miseries,1
kindred,1
lucas,70
consideration,14
since,56
wished,39
ladies,74
might,200
brought,37
whom,84
likewise,17
composure,16
strange,10
society,33
politely,3
lying,1
languages,1
performed,6
signal,2
evenness,2
indignity,2
estates,4
resisted,1
watchfulness,2
wonderful,3
eclipsed,1
adds,3
perseverance,3
belief,15
ablution,1
differences,1
creatures,1
profligacy,1
impressive,1
brink,2
permanent,1
heedless,1
visiting,5
believe,85
derbyshire,24
suspecting,2
alarmed,8
pianoforte,5
prospect,14
gallery,4
assents,1
ceremonious,3
archbishop,1
sensibly,2
refusing,7
undutiful,1
require,3
rose,7
faultless,1
disputable,1
serenity,3
valueless,1
overlook,3
unfavourably,1
outstripped,1
impetuous,1
begs,1
caused,1
kill,1
forgiving,1
preceded,1
overbearing,1
test,1
withstood,1
or,293
finery,2
pay,11
supply,7
consented,2
shows,4
renewal,7
caroline,15
alliance,3
balls,8
jealousy,4
scandalous,3
attendance,5
observances,1
reproach,6
persisted,2
refusals,1
endeavoured,10
offending,3
inventing,1
wound,2
inspired,2
scrutiny,1
relied,1
rely,1
brains,1
bowl,1
ungovernable,1
arrear,1
to,4139
many,118
adjusting,1
countenance,30
asked,40
seeing,60
solely,4
seem,16
true,22
directly,22
extort,1
extensive,4
reminded,6
gaily,2
misunderstand,3
memory,8
apologise,5
relieve,2
displeasure,6
vestibule,5
stayed,7
roads,1
meditate,2
ornaments,2
revival,1
founded,2
fainter,2
replete,1
grieve,3
repinings,1
obtain,3
cambric,1
term,1
families,6
last,120
design,21
exclamation,2
assembly,9
suiting,1
inviting,3
blushing,1
possessor,2
weight,6
hold,7
authority,9
doings,2
liberal,5
solemn,5
judging,2
endeavouring,5
watched,7
settlements,1
reckon,1
encouraging,4
distractedly,1
quiet,8
arranges,1
dividing,1
condition,3
trim,1
unfavourable,2
injure,2
hysterics,1
transpired,1
attendant,1
paler,1
judgment,2
mixture,5
humour,21
behind,14
james,6
detected,2
distance,16
appertain,1
disappointing,3
laughter,2
affair,18
importune,1
nearer,5
won,5
disinclination,2
improbable,7
march,2
perusal,4
shameless,1
latterly,1
june,3
impunity,1
proportions,1
weakest,1
little,189
place,73
uniform,1
jones,5
accepted,16
gained,11
resolved,31
fire,6
joining,5
flogged,1
ladyship,42
humble,9
imitations,1
equivalent,1
courtier,1
individual,2
rationally,3
peep,1
interruptions,1
wretchedly,1
affords,1
stroke,2
cake,1
postilions,1
sash,1
leisurely,1
themselves,34
expected,42
also,34
complete,8
pass,16
theirs,2
supposed,26
finer,5
size,4
amazed,5
considerable,9
morrow,5
started,4
changed,8
claims,6
awkward,10
convince,4
abatement,1
entailing,1
metcalf,1
scrape,1
reflected,3
communicative,1
share,14
earliest,6
we,235
pretty,24
book,17
converse,4
denominated,1
carriage,44
quality,2
unfortunately,3
convenient,5
pace,1
tables,3
exception,1
offering,3
merit,7
ran,13
remarkable,7
experienced,4
arise,7
effect,18
unexpectedly,3
solitude,3
rewarded,3
derision,2
unwillingness,3
speedily,6
wealth,3
narrow,2
agitation,6
indisposed,2
supported,4
dissolved,1
increases,1
indecorum,1
renewing,2
brain,2
paintings,1
deliberately,2
bribery,1
completion,1
diffused,1
keep,25
ever,130
air,30
sprained,1
means,57
conceal,13
collect,2
appearance,33
affected,19
union,4
assume,3
recollection,12
fearful,5
owing,4
prevents,1
phillipses,2
accuse,4
worthy,3
addressing,3
decease,3
risk,5
highflown,1
indulging,1
offers,5
complained,1
pointing,5
uglier,1
volatility,1
tens,1
dovedale,1
trout,1
payment,1
worthlessness,1
sportsmen,1
mortifies,1
recede,1
less,77
tear,2
noble,11
pleasantly,4
friendship,9
imaginary,5
cool,3
secret,6
wanted,24
distinguishing,2
anxiety,19
abominable,6
agreement,3
dead,5
law,4
abilities,6
manage,3
eating,2
turns,2
alike,2
acquisition,1
awkwardness,3
accent,4
remarked,1
confinement,1
sends,1
patched,1
making,35
attacked,1
hertfordshire,41
commendation,8
address,19
assembled,6
rapid,3
amused,6
justice,15
chosen,8
conscious,3
precisely,1
aspect,6
seniority,1
exclamations,3
demands,1
dared,13
blinded,2
measure,5
constrained,1
bright,1
incessant,1
stop,4
jenkinson,9
hurts,1
tells,1
unanswerable,1
consoling,3
instances,4
weakened,1
frighten,1
raising,3
start,2
allayed,1
essentials,2
lowest,1
faulty,3
tremblings,1
spasms,1
anyhow,1
striving,2
fuss,1
faithfully,1
unsettled,3
witnessing,1
inclinations,1
executed,1
he,1306
likely,38
which,531
cough,2
guess,5
almost,59
supplied,2
bitter,2
bewitched,1
amusements,3
minute,9
compliance,1
qualified,3
bequeathed,1
losses,1
stopped,6
suspicion,9
handed,3
courtesy,2
puzzle,2
seriously,13
successfully,1
sole,4
behaved,8
urgent,3
pull,1
additions,1
ward,1
exerting,1
justly,3
northward,1
thousand,34
called,41
fashion,7
gave,54
beautiful,15
walked,44
ostentation,1
owner,4
importance,23
thoughts,25
offered,9
horses,8
held,5
showed,7
symptoms,2
lessen,4
surpass,1
recommended,9
frequently,23
bounty,1
folios,1
windows,6
overspread,3
reserves,3
inconsistency,2
bridegroom,1
meantime,1
conciliating,1
recital,3
policy,1
hears,1
lessened,1
adopted,1
rough,1
tanned,1
repining,1
unprotected,1
killed,4
speed,1
various,9
qualities,6
related,16
unassailed,1
gratitude,24
propriety,8
headache,2
succeeds,1
efficacy,1
absence,27
sermons,3
living,24
street,18
authoritative,2
resist,4
strike,5
compare,1
gloom,3
empty,1
penance,1
narrative,1
fare,2
heartening,1
augmented,1
fidgety,1
multitude,1
south,1
untamed,1
shan,3
allurements,1
